-- Auto-generated by scripts/import_from_excel.py
-- Do not edit manually — re-run the script to regenerate.

-- People
INSERT OR IGNORE INTO people (id, full_name, parent_id, tooltip, image_url, status) VALUES ('Generation_2', 'Generation_2', 'Generation_1', 'Generation_2', '', 'hidden');
INSERT OR IGNORE INTO people (id, full_name, parent_id, tooltip, image_url, status) VALUES ('Generation_3', 'Generation_3', 'Generation_2', 'Generation_3', '', 'hidden');
INSERT OR IGNORE INTO people (id, full_name, parent_id, tooltip, image_url, status) VALUES ('Generation_4', 'Generation_4', 'Generation_3', 'Generation_4', '', 'hidden');
INSERT OR IGNORE INTO people (id, full_name, parent_id, tooltip, image_url, status) VALUES ('Generation_5', 'Generation_5', 'Generation_4', 'Generation_5', '', 'hidden');
INSERT OR IGNORE INTO people (id, full_name, parent_id, tooltip, image_url, status) VALUES ('Generation_6', 'Generation_6', 'Generation_5', 'Generation_6', '', 'hidden');
INSERT OR IGNORE INTO people (id, full_name, parent_id, tooltip, image_url, status) VALUES ('Generation_7', 'Generation_7', 'Generation_6', 'Generation_7', '', 'approved');
INSERT OR IGNORE INTO people (id, full_name, parent_id, tooltip, image_url, status) VALUES ('Generation_8', 'Generation_8', 'Generation_7', 'Generation_8', '', 'approved');
INSERT OR IGNORE INTO people (id, full_name, parent_id, tooltip, image_url, status) VALUES ('Generation_9', 'Generation_9', 'Generation_8', 'Generation_9', '', 'approved');
INSERT OR IGNORE INTO people (id, full_name, parent_id, tooltip, image_url, status) VALUES ('Madhav', 'Madhav Sridhar Durve', 'Sridhar Durve', '2', '', 'approved');
INSERT OR IGNORE INTO people (id, full_name, parent_id, tooltip, image_url, status) VALUES ('Narayan', 'Narayan Madhav Durve', 'Madhav', '3', '', 'approved');
INSERT OR IGNORE INTO people (id, full_name, parent_id, tooltip, image_url, status) VALUES ('Govind', 'Govind Narayan Durve', 'Narayan', 'Sangamner', '', 'approved');
INSERT OR IGNORE INTO people (id, full_name, parent_id, tooltip, image_url, status) VALUES ('Prabhakar', 'Prabhakar Narayan Durve', 'Narayan', '4', '', 'approved');
INSERT OR IGNORE INTO people (id, full_name, parent_id, tooltip, image_url, status) VALUES ('Shridhar', 'Shridhar Narayan Durve', 'Narayan', '4', '', 'approved');
INSERT OR IGNORE INTO people (id, full_name, parent_id, tooltip, image_url, status) VALUES ('Shanta', 'Shantabai Gopinath Pradhan (Bai)', 'Govind', '5', '', 'approved');
INSERT OR IGNORE INTO people (id, full_name, parent_id, tooltip, image_url, status) VALUES ('Anant', 'Anant Govind Durve (Dada)', 'Govind', 'Sinnar', 'https://lh5.googleusercontent.com/vAMfscDYkjwvJ1JyPVTw2oVTM8XkYo_EA_Xs3HXR9uDXcVauIoO8KRNfGkBVFdw0TKI=w2400', 'approved');
INSERT OR IGNORE INTO people (id, full_name, parent_id, tooltip, image_url, status) VALUES ('Vaman', 'Vaman Govind Durve (Tatya)', 'Govind', 'Nasik', '', 'approved');
INSERT OR IGNORE INTO people (id, full_name, parent_id, tooltip, image_url, status) VALUES ('Padmakar', 'Padmakar Govind Durve (Bhau)', 'Govind', 'Shrirampur', '', 'approved');
INSERT OR IGNORE INTO people (id, full_name, parent_id, tooltip, image_url, status) VALUES ('Tara', 'Tara(Sushila Anant Pradhan)', 'Govind', 'Bhiwandi', 'https://lh6.googleusercontent.com/tY5R_CmFkY2z_SvUAlttPQnaGaFtx4oin204vT3F-rj7x3ys3px1p-Ieyot3iOxDiCY=w2400', 'approved');
INSERT OR IGNORE INTO people (id, full_name, parent_id, tooltip, image_url, status) VALUES ('Bhaskar', 'Bhaskar Govind Durve (Nana)', 'Govind', 'Sangamner', 'https://lh3.googleusercontent.com/NDrJaIukdM_MPpdsTcbLOpaV5ggqXgMWLM1Q6oKmzf8BhpxmPAZrA5JFnOV12xTT5p4=w2400', 'approved');
INSERT OR IGNORE INTO people (id, full_name, parent_id, tooltip, image_url, status) VALUES ('Ramakant', 'Ramakant Govind Durve (Bhai)', 'Govind', 'Warnanagar', 'https://lh5.googleusercontent.com/g3p_2x6RkLS-cKxlNsV58SDdz4yzYTSFfXO7uXqL7Kh7QKaV81dU0IYUMv0alCkZtNI=w2400', 'approved');
INSERT OR IGNORE INTO people (id, full_name, parent_id, tooltip, image_url, status) VALUES ('Kumudini', 'Kumudini(Sumitra Vidyadhar Vadhavkar)', 'Govind', 'Sangamner, Tilaknagar', 'https://lh4.googleusercontent.com/GaJ-RPSOvA1A3McSgdu79cxqZTYo6YGEA8QNTgMiFTAeu3mIEXyUujtlqum8gj-fqqI=w2400', 'approved');
INSERT OR IGNORE INTO people (id, full_name, parent_id, tooltip, image_url, status) VALUES ('Nalini', 'Nalini Bhalchandra Vaidya', 'Govind', 'Pune', 'https://lh5.googleusercontent.com/nKeASsTrkd3qOicb8RVPspFiXuCyIspLllVOKZWKO8kVD9FGE-Qr-cz-djyhtwBD5o0=w2400', 'approved');
INSERT OR IGNORE INTO people (id, full_name, parent_id, tooltip, image_url, status) VALUES ('Keshav', 'Keshav Anant Durve (Anna)', 'Anant', 'Sinnar, Pune', 'https://lh5.googleusercontent.com/9SklxpHbgQ3Tex_Zy4n1hJZRrnjWKLUUQEWqKnTl_7G1n9OFiVZdxR9jGMadrNETPKw=w2400', 'approved');
INSERT OR IGNORE INTO people (id, full_name, parent_id, tooltip, image_url, status) VALUES ('Usha', 'Usha Sharadchandra Chitnis (Akka)', 'Anant', 'Malad', 'https://lh6.googleusercontent.com/u_3Zl9lIlcOaTt8U3NTWl73td-EtW1c9OyMg1DHAykyGW8TZuBMzOkDNsjzsVZa0RPI=w2400', 'approved');
INSERT OR IGNORE INTO people (id, full_name, parent_id, tooltip, image_url, status) VALUES ('Pushpa', 'Pushpa Atulchandra Vaidya', 'Anant', 'Mumbai', '', 'approved');
INSERT OR IGNORE INTO people (id, full_name, parent_id, tooltip, image_url, status) VALUES ('Surekha', 'Surekha(Vaibhavi Vijayendra Pradhan)', 'Anant', 'vaibhavipradhan621@gmail.com, Sinnar, New York, Phoenix', 'https://lh4.googleusercontent.com/KV6t-Q87zwppI6jGGCsvP6AvzRWzbn0ODCxvKkzRqOypRTAMrPv1EnQqxGoHP1Mq-ME=w2400', 'approved');
INSERT OR IGNORE INTO people (id, full_name, parent_id, tooltip, image_url, status) VALUES ('Ujwal', 'Ujwal Anant Durve', 'Anant', 'ujwaldurve@gmail.com Sinnar, New York, Florida', 'https://lh6.googleusercontent.com/eqJR9afZSH2sIboStF57HFbqLTmra38tVUBCjDWesTbdN0GNck53h9zgAe4C-PPxUEo=w2400', 'approved');
INSERT OR IGNORE INTO people (id, full_name, parent_id, tooltip, image_url, status) VALUES ('Vijaya', 'Vijaya (Swapna Sudhir Kulkarni)', 'Padmakar', 'swapnakulkarni552@gmail.com Shrirampur, Dombivali', 'https://lh5.googleusercontent.com/a6Y4QoNCLjdMQi2BjKlH-F9J43iyyiB6PwmGcJgdf4Qw7tuwHo2cU1cMq0P8Kc1GUIg=w2400', 'approved');
INSERT OR IGNORE INTO people (id, full_name, parent_id, tooltip, image_url, status) VALUES ('Narendra', 'Narendra Padmakar Durve (Vilas)', 'Padmakar', 'durvenarendra47@gmail.com Shrirampur, Sangamner, Nasik, Pune', 'https://lh4.googleusercontent.com/c43WipG__pid6KKGRISOWXCuRmRBp4TZP6Gn3NFiph8SDCToJU54LmfnUriMSVdmYrE=w2400', 'approved');
INSERT OR IGNORE INTO people (id, full_name, parent_id, tooltip, image_url, status) VALUES ('Vikas', 'Vikas Padmakar Durve', 'Padmakar', 'durvejv@gmail.com,vpdurve@gmail.com Shrirampur, Dombivali, Pune', 'https://lh5.googleusercontent.com/l1e-60lt3Sk7fH_XhVEwNV1adzMVaDbw8Mj1B2QlwYfTPeeier_j54Owo_tUl2BQao0=w2400', 'approved');
INSERT OR IGNORE INTO people (id, full_name, parent_id, tooltip, image_url, status) VALUES ('Sujal', 'Sujal Vidyadhar Watve', 'Bhaskar', 'sujala09@gmail.com Sangamner, Pune', 'https://lh5.googleusercontent.com/Hp1UGGkud0rWycsTDz07ZZsHlQYjZ2pUjnCWscInVqqWnROOWv0vb-sjI3pMsDP5zzo=w2400', 'approved');
INSERT OR IGNORE INTO people (id, full_name, parent_id, tooltip, image_url, status) VALUES ('Sanjiv', 'Sanjiv Bhaskar Durve', 'Bhaskar', 'sanjivdurve@gmail.com Sangamner, Mumbai, London', 'https://lh3.googleusercontent.com/t-QbpSz3ORzOP-lxu3RIGAOCHyCNq98Jp2OkksVdJKCJJwdfpyH8SfTSNpKLwYyKKa4=w2400', 'approved');
INSERT OR IGNORE INTO people (id, full_name, parent_id, tooltip, image_url, status) VALUES ('Sushama', 'Sushama Bhaskar Durve', 'Bhaskar', 'durvesushama73@gmail.com Sangamner, Pune', 'https://lh6.googleusercontent.com/XYWXzjEDWeCtJLFRuKDcbvfPYaZeAl3IalNdh44rseWmLZLb4qPWj5Kwp7nR-qgix50=w2400', 'approved');
INSERT OR IGNORE INTO people (id, full_name, parent_id, tooltip, image_url, status) VALUES ('Sudha', 'Sudha (Sarita Ratnakar Gupte)', 'Vaman', 'Nasik, Pune', 'https://lh3.googleusercontent.com/ZRJbHW06DRy5RvzsQcfZfkSMtsSXxvxBCyEpUpOF0GpkaXlLUYXZQLI5i-vARbQ6m08=w2400', 'approved');
INSERT OR IGNORE INTO people (id, full_name, parent_id, tooltip, image_url, status) VALUES ('Manda', 'Manda (Sadhana Shashikant Pradhan)', 'Vaman', 'Nasik,Mumbai', 'https://lh4.googleusercontent.com/VqohJ5fgfMu91Djp64DxVglNflIaCg_7AtqcydFMIuG8PHp39PQOrLvWYV7sgoV2Q0A=w2400', 'approved');
INSERT OR IGNORE INTO people (id, full_name, parent_id, tooltip, image_url, status) VALUES ('Kunda', 'Kunda (Shalaka Sharad Pattekar)', 'Vaman', 'sspattekar1@gmail.com Nasik, Mumbai', 'https://lh3.googleusercontent.com/vPzneASSYUT682fKRNA4kYJOZrOGHQE0gI-cHwiJElpFblmAK4p_a_ps5g73FwSqzI8=w2400', 'approved');
INSERT OR IGNORE INTO people (id, full_name, parent_id, tooltip, image_url, status) VALUES ('Diwakar', 'Diwakar Vaman Durve', 'Vaman', 'Nasik, Mumbai', 'https://lh4.googleusercontent.com/2itOtgSvVxYSb8oBwZzWk_pQ-gGLWixn0dNu3dXc2ZXX5X2H6wA5AAcnJaAUTNtePqM=w2400', 'approved');
INSERT OR IGNORE INTO people (id, full_name, parent_id, tooltip, image_url, status) VALUES ('Chandrashekhar', 'Chandrashekhar (Dilip) Vaman Durve', 'Vaman', 'Nasik', 'https://lh5.googleusercontent.com/e1myry2A3ceXw2ZWoduOCs1wnq7LadJtmZTMzVS1qYFuzHTx0xhh9_SrV1Tr7yp7-7c=w2400', 'approved');
INSERT OR IGNORE INTO people (id, full_name, parent_id, tooltip, image_url, status) VALUES ('Nanda', 'Nanda (Pratima Prakash Karnik)', 'Vaman', 'Nasik, Mumbai', 'https://lh6.googleusercontent.com/acHiFDg-tqogGfOBpxArSP2yRw-wWZF3au6zXCQ1y2CF7exxgtFrBfuF3RLHiihiS5E=w2400', 'approved');
INSERT OR IGNORE INTO people (id, full_name, parent_id, tooltip, image_url, status) VALUES ('Suneel', 'Suneel Vaman Durve', 'Vaman', 'Nasik', '', 'approved');
INSERT OR IGNORE INTO people (id, full_name, parent_id, tooltip, image_url, status) VALUES ('Rashmi', 'Rashmi(Rama Rajendra Pradhan)', 'Ramakant', 'pradhanrama630@gmail.com Warnanagar, Pune', 'https://lh6.googleusercontent.com/wXeBQ8xsGobaoNvrFUHMC3NwBb7gjLuKm7oIsKNr_phYWiT5OtLpaqP2fZE5QIFuThM=w2400', 'approved');
INSERT OR IGNORE INTO people (id, full_name, parent_id, tooltip, image_url, status) VALUES ('Milind', 'Milind Ramakant Durve', 'Ramakant', 'radhadurve@gmail.com Warnanagar, Pune', 'https://lh3.googleusercontent.com/8XZWsY-Tt6kLkYNKczzgvPkskteGnfE2zkFAfJEy2oDnKRyH_sMHU6FmQWKAiOhuyVc=w2400', 'approved');
INSERT OR IGNORE INTO people (id, full_name, parent_id, tooltip, image_url, status) VALUES ('Ratan', 'Ratan', 'Shanta', '4', '', 'approved');
INSERT OR IGNORE INTO people (id, full_name, parent_id, tooltip, image_url, status) VALUES ('Suman', 'Suman', 'Shanta', '4', '', 'approved');
INSERT OR IGNORE INTO people (id, full_name, parent_id, tooltip, image_url, status) VALUES ('Saroj', 'Saroj', 'Shanta', '4', '', 'approved');
INSERT OR IGNORE INTO people (id, full_name, parent_id, tooltip, image_url, status) VALUES ('Madan', 'Madan', 'Shanta', '4', '', 'approved');
INSERT OR IGNORE INTO people (id, full_name, parent_id, tooltip, image_url, status) VALUES ('Madhava', 'Madhav', 'Shanta', '4', '', 'approved');
INSERT OR IGNORE INTO people (id, full_name, parent_id, tooltip, image_url, status) VALUES ('Sadanand', 'Sadanand', 'Shanta', '4', '', 'approved');
INSERT OR IGNORE INTO people (id, full_name, parent_id, tooltip, image_url, status) VALUES ('Ruta', 'Ruta Kanchan Chitnis', 'Kumudini', 'rutachitnis@gmail.com Khopoli, Malad', 'https://lh3.googleusercontent.com/h8-M28b7ZecHWRRMbMBNBIx6DnRUxm_14LUI5KjbIQg86svsZAwI1rYEraQlXRNt9wU=w2400', 'approved');
INSERT OR IGNORE INTO people (id, full_name, parent_id, tooltip, image_url, status) VALUES ('Abhijit', 'Abhijit Bhalchandra Vaidya', 'Nalini', 'Pune', 'https://lh6.googleusercontent.com/0RgIQb96cHbzhNy0Vpk00medjbRFaSIHlw6Oi9FALYUUt-ef7IQoWUEhjIwhKgWwylY=w2400', 'approved');
INSERT OR IGNORE INTO people (id, full_name, parent_id, tooltip, image_url, status) VALUES ('Prachi', 'Prachi Pratap Raval', 'Nalini', 'Pune', 'https://lh4.googleusercontent.com/Xgw1RxRY9xlDJfU5EDjXGd07fS7dk7WQ6vquLKgL9gTXXzmd4ai7VBnUF8RAWltTLDU=w2400', 'approved');
INSERT OR IGNORE INTO people (id, full_name, parent_id, tooltip, image_url, status) VALUES ('Ninad', 'Ninad Keshav Durve', 'Keshav', 'Pune, Portsmouth, UK', 'https://lh5.googleusercontent.com/5RnzRZNRHZt-GnVjYc4aR4SUs7PUHYBFV6OOk1R2rk0bO8LKSR_iFZqvkQLZ_2IxJwk=w2400', 'approved');
INSERT OR IGNORE INTO people (id, full_name, parent_id, tooltip, image_url, status) VALUES ('Vrushali', 'Vrushali Sachin Deshpande', 'Keshav', 'Pune', 'https://lh5.googleusercontent.com/ttsk_j1F2BbjKkXiyWbQikqz2U7FlMHMVfmTJsLlV_OA9xen0ZeVdR8Hw9xm_K8OYC4=w2400', 'approved');
INSERT OR IGNORE INTO people (id, full_name, parent_id, tooltip, image_url, status) VALUES ('Swati', 'Swati Chandrashekhar Patankar', 'Usha', 'Malad, Mumbai', '', 'approved');
INSERT OR IGNORE INTO people (id, full_name, parent_id, tooltip, image_url, status) VALUES ('Manisha', 'Manisha(Nikita Sachin Gupte)', 'Usha', 'Malad, Mumbai', 'https://lh5.googleusercontent.com/gERHezefX6hH3tiVegwQK7vBerPi6m2JOjTBhw148ObRK3X-oQJ5q39Bs1IkWhNZyxU=w2400', 'approved');
INSERT OR IGNORE INTO people (id, full_name, parent_id, tooltip, image_url, status) VALUES ('Kanchan', 'Kanchan Sharadchandra Chitnis', 'Usha', 'Malad, Mumbai', 'https://lh6.googleusercontent.com/wS6kk5KvNMIYyk8Gk64vuhOQfwzwQKz60CYJjrssRTXbluR_lQvZo6DD_sILKxcv7dQ=w2400', 'approved');
INSERT OR IGNORE INTO people (id, full_name, parent_id, tooltip, image_url, status) VALUES ('Vidula', 'Vidula Rajeev Saawant', 'Pushpa', 'Pune,', 'https://lh6.googleusercontent.com/HxUcWEYZJIU0uEfLrDr98uvjq38QcYkaWnTqVEW6TWT2sffclthK_DXyCAaSn90Or9Q=w2400', 'approved');
INSERT OR IGNORE INTO people (id, full_name, parent_id, tooltip, image_url, status) VALUES ('Vikrant', 'Vikrant Atulchandra Vaidya', 'Pushpa', 'Pune', 'https://lh5.googleusercontent.com/478oisNomelZFnLb08YN8Nz-WqDIzSjTksf4HTGIChh1HflF0IM3SdMGRf5p1fVsTBY=w2400', 'approved');
INSERT OR IGNORE INTO people (id, full_name, parent_id, tooltip, image_url, status) VALUES ('Salil', 'Salil Vijayendra Pradhan', 'Surekha', 'Phoenix', '', 'approved');
INSERT OR IGNORE INTO people (id, full_name, parent_id, tooltip, image_url, status) VALUES ('Pushkar', 'Pushkar Ujwal Durve', 'Ujwal', 'New York, Florida', 'https://lh4.googleusercontent.com/7a1odV9pKym-i7OJArJm4XTQzd9_Ws0bHoK933Z8RnHI605MkAM6qeTMhbNKQmidoDo=w2400', 'approved');
INSERT OR IGNORE INTO people (id, full_name, parent_id, tooltip, image_url, status) VALUES ('Adwait', 'Adwait Sudhir Kulkarni', 'Vijaya', 'Dombivali', 'https://lh5.googleusercontent.com/bXWThECUvHd6xRNO0bp9152MY423JLwYBeiuyzop0DkVi1IsQKyjOBrA2ZMASUM5kAU=w2400', 'approved');
INSERT OR IGNORE INTO people (id, full_name, parent_id, tooltip, image_url, status) VALUES ('Prajakta', 'Prajakta Kaustubh Tilak', 'Vijaya', 'Dombivali', '', 'approved');
INSERT OR IGNORE INTO people (id, full_name, parent_id, tooltip, image_url, status) VALUES ('Juilee', 'Juilee(Meghana Anand Saykhedkar)', 'Narendra', '7', '', 'approved');
INSERT OR IGNORE INTO people (id, full_name, parent_id, tooltip, image_url, status) VALUES ('Shruti', 'Shruti Swanand Tappe', 'Narendra', '7', '', 'approved');
INSERT OR IGNORE INTO people (id, full_name, parent_id, tooltip, image_url, status) VALUES ('Sujay', 'Sujay Vikas Durve', 'Vikas', 'Dombivali, Switzerland', '', 'approved');
INSERT OR IGNORE INTO people (id, full_name, parent_id, tooltip, image_url, status) VALUES ('Rutjit', 'Rutjit Diwakar Durve', 'Diwakar', 'Thane, UK', '', 'approved');
INSERT OR IGNORE INTO people (id, full_name, parent_id, tooltip, image_url, status) VALUES ('Ashay', 'Ashay Diwakar Durve', 'Diwakar', 'Thane', '', 'approved');
INSERT OR IGNORE INTO people (id, full_name, parent_id, tooltip, image_url, status) VALUES ('Sunita', 'Sunita Rajendra Sindkar', 'Sudha', '7', '', 'approved');
INSERT OR IGNORE INTO people (id, full_name, parent_id, tooltip, image_url, status) VALUES ('Milind2', 'Milind Ratnakar Gupte', 'Sudha', '7', '', 'approved');
INSERT OR IGNORE INTO people (id, full_name, parent_id, tooltip, image_url, status) VALUES ('Sayali', 'Sayali(Minakshi Sachin Raje)', 'Manda', '7', '', 'approved');
INSERT OR IGNORE INTO people (id, full_name, parent_id, tooltip, image_url, status) VALUES ('Ajit', 'Ajit Shashikant Pradhan', 'Manda', '7', '', 'approved');
INSERT OR IGNORE INTO people (id, full_name, parent_id, tooltip, image_url, status) VALUES ('Ashutosh', 'Ashutosh Sharad Pattekar', 'Kunda', '7', '', 'approved');
INSERT OR IGNORE INTO people (id, full_name, parent_id, tooltip, image_url, status) VALUES ('Pranali', 'Pranali Nihar Bhise', 'Nanda', '7', '', 'approved');
INSERT OR IGNORE INTO people (id, full_name, parent_id, tooltip, image_url, status) VALUES ('Chinmayi', 'Chinmayi Mihir Tungare', 'Nanda', '7', '', 'approved');
INSERT OR IGNORE INTO people (id, full_name, parent_id, tooltip, image_url, status) VALUES ('Mihir', 'Mihir Suneel Durve', 'Suneel', '7', '', 'approved');
INSERT OR IGNORE INTO people (id, full_name, parent_id, tooltip, image_url, status) VALUES ('Aparna', 'Aparna Watve', 'Sujal', '7', 'https://lh4.googleusercontent.com/yKehpdNFKhcYjNaoxTFJseskREiiLn2cCUt3CMK3lHFRUOZpHNDQSgubT34WXbJUDPM=w2400', 'approved');
INSERT OR IGNORE INTO people (id, full_name, parent_id, tooltip, image_url, status) VALUES ('Nakul', 'Nakul Sanjiv Durve', 'Sanjiv', 'London, New York', 'https://lh6.googleusercontent.com/JYlr_GNGcA-Jl-Hnj2_3uCtQOYbx-vBnB_Rv8ihwExqptTQad_iETpTBZLbNkl6T4rc=w2400', 'approved');
INSERT OR IGNORE INTO people (id, full_name, parent_id, tooltip, image_url, status) VALUES ('Jai', 'Jai Amod Khale', 'Rashmi', '7', '', 'approved');
INSERT OR IGNORE INTO people (id, full_name, parent_id, tooltip, image_url, status) VALUES ('Kailash', 'Kailash Rajendra Pradhan', 'Rashmi', '7', '', 'approved');
INSERT OR IGNORE INTO people (id, full_name, parent_id, tooltip, image_url, status) VALUES ('Jaydeep', 'Jaydeep Milind Durve', 'Milind', '7', 'https://lh3.googleusercontent.com/X1ny9BHJEsECi7cbzeujd2dzkEOish7cKiOPWAISAy-NCeBZV6SRwPmwZJYdjji61Mk=w2400', 'approved');
INSERT OR IGNORE INTO people (id, full_name, parent_id, tooltip, image_url, status) VALUES ('Lochan', 'Lochan Kanchan Chitnis', 'Kanchan', '7', 'https://lh4.googleusercontent.com/-PflJh-F3vYfhE1uLhCdYwYNmUSUeH09HQkQnVkb7UxkQ5vIaS2gWfvrVQAz1bCFPlc=w2400', 'approved');
INSERT OR IGNORE INTO people (id, full_name, parent_id, tooltip, image_url, status) VALUES ('Sohil', 'Sohil Abhijit Vaidya', 'Abhijit', 'Pune, Los Angeles', 'https://lh6.googleusercontent.com/Kzg7_KrdQ0X30KcgB5DGsQ7i81Hgs67CVeJIBWB6rB0L6SeNja-ZaLNpqNvV4O5di3Y=w2400', 'approved');
INSERT OR IGNORE INTO people (id, full_name, parent_id, tooltip, image_url, status) VALUES ('Saleena', 'Saleena (Saleena Amey Katariya)', 'Abhijit', 'Pune', 'https://lh5.googleusercontent.com/_eoGh4d7ZQGGV7ezP-p-fiQaazFZZwmwUpQMo2r17uwXdrn8Qt9MbQEbnU8ii6D2vkM=w2400', 'approved');
INSERT OR IGNORE INTO people (id, full_name, parent_id, tooltip, image_url, status) VALUES ('Prashil', 'Prashil Pratap Raval', 'Prachi', 'Pune', 'https://lh5.googleusercontent.com/WOHB6qzO7Fi6LTE7d-aaiyuL06HJkT9bYALwZUf-z74Chr4NhnfKlQkroNseqVijB5U=w2400', 'approved');
INSERT OR IGNORE INTO people (id, full_name, parent_id, tooltip, image_url, status) VALUES ('Neerav', 'Neerav Ninad Durve', 'Ninad', 'Pune, Portsmouth, UK', 'https://lh4.googleusercontent.com/mkzxNLu-jDwrPrhQDGAig4sxkmGNUi5iXH8Q9IbtCC_IB-4IW5mKlsiQaeJvSFStYsM=w2400', 'approved');
INSERT OR IGNORE INTO people (id, full_name, parent_id, tooltip, image_url, status) VALUES ('Paranjay', 'Paranjay Sachin Deshpande', 'Vrushali', '7', '', 'approved');
INSERT OR IGNORE INTO people (id, full_name, parent_id, tooltip, image_url, status) VALUES ('Parnil', 'Parnil   Sachin Deshpande', 'Vrushali', '7', '', 'approved');
INSERT OR IGNORE INTO people (id, full_name, parent_id, tooltip, image_url, status) VALUES ('Jaee', 'Jaee Chandrashekhar patankar', 'Swati', '7', '', 'approved');
INSERT OR IGNORE INTO people (id, full_name, parent_id, tooltip, image_url, status) VALUES ('Sailee', 'Sailee Rahul Gadkari', 'Manisha', '7', '', 'approved');
INSERT OR IGNORE INTO people (id, full_name, parent_id, tooltip, image_url, status) VALUES ('Lochan2', 'Lochan Kanchan Chitnis', 'Kanchan', '7', '', 'approved');
INSERT OR IGNORE INTO people (id, full_name, parent_id, tooltip, image_url, status) VALUES ('Aniket', 'Aniket Rajeev Saawant', 'Vidula', '7', '', 'approved');
INSERT OR IGNORE INTO people (id, full_name, parent_id, tooltip, image_url, status) VALUES ('Akash', 'Akash Rajeev Saawant', 'Vidula', '7', '', 'approved');
INSERT OR IGNORE INTO people (id, full_name, parent_id, tooltip, image_url, status) VALUES ('Grahil', 'Grahil Aniket Saawant', 'Aniket', '8', '', 'approved');
INSERT OR IGNORE INTO people (id, full_name, parent_id, tooltip, image_url, status) VALUES ('Arjun', 'Arjun Amod Khale', 'Jai', '7', '', 'approved');
INSERT OR IGNORE INTO people (id, full_name, parent_id, tooltip, image_url, status) VALUES ('Sajiri', 'Sajiri Amod Khale', 'Jai', '7', '', 'approved');
INSERT OR IGNORE INTO people (id, full_name, parent_id, tooltip, image_url, status) VALUES ('Lohit', 'Lohit Sanjay Thakur', 'Aparna', '7', 'https://lh6.googleusercontent.com/OBMNOD8HnfnrEFNtThVYACX-W4wKbLl82vnaNpp8jdI4nR_20E1NMomgjoowiwngrdQ=w2400', 'approved');
INSERT OR IGNORE INTO people (id, full_name, parent_id, tooltip, image_url, status) VALUES ('Akhil', 'Akhil Kailash Pradhan', 'Kailash', '7', '', 'approved');
INSERT OR IGNORE INTO people (id, full_name, parent_id, tooltip, image_url, status) VALUES ('Kimaya', 'Kimaya Kailash Pradhan', 'Kailash', '7', '', 'approved');
INSERT OR IGNORE INTO people (id, full_name, parent_id, tooltip, image_url, status) VALUES ('Ishan', 'Ishan Jaydeep Durve', 'Jaydeep', '7', 'https://lh3.googleusercontent.com/iu7dYd8LZQqTFtUhHG-tgQuTbH2fbPYZCXbH-FIjftpp-tVTWMVZvUscvHJg71C68Gw=w2400', 'approved');
INSERT OR IGNORE INTO people (id, full_name, parent_id, tooltip, image_url, status) VALUES ('Meera', 'Meera Jaydeep Durve', 'Jaydeep', '7', 'https://ams03pap001files.storage.live.com/y4mKFkVfDlsoMBSWsFFMoWtVY-GLV13ioC6ArHJo1XI7Lg7ZhWhGuhNh2K25RZ515Mq6VJHQfBUla2IZwpW48EDRd2Pv0un2qETr92Jx44abeyPO4Iu2ZoBRSJoqjE8s7soUC3SQlUmHi_I_MzD_mefbn9p-7yfbMUmjbPdEH-KAhNvenlub_LmeOByc5mPeXzt?width=768&height=1024&cropmode=none', 'approved');
INSERT OR IGNORE INTO people (id, full_name, parent_id, tooltip, image_url, status) VALUES ('Riyan', 'Riyan Kaustubh Tilak', 'Prajakta', '7', '', 'approved');
INSERT OR IGNORE INTO people (id, full_name, parent_id, tooltip, image_url, status) VALUES ('Adwika', 'Adwika Adwait Kulkarni', 'Adwait', '7', '', 'approved');
INSERT OR IGNORE INTO people (id, full_name, parent_id, tooltip, image_url, status) VALUES ('Akshita', 'Akshita Adwait Kulkarni', 'Adwait', '7', '', 'approved');
INSERT OR IGNORE INTO people (id, full_name, parent_id, tooltip, image_url, status) VALUES ('Vihan', 'Vihan Sujay Durve', 'Sujay', '7', '', 'approved');
INSERT OR IGNORE INTO people (id, full_name, parent_id, tooltip, image_url, status) VALUES ('Vishal', 'Vishal Vikrant Vaidya', 'Vikrant', '7', '', 'approved');
INSERT OR IGNORE INTO people (id, full_name, parent_id, tooltip, image_url, status) VALUES ('Chloe', 'Chloe Salil Pradhan', 'Salil', '7', '', 'approved');
INSERT OR IGNORE INTO people (id, full_name, parent_id, tooltip, image_url, status) VALUES ('Cate', 'Cate  Salil Pradhan', 'Salil', '7', '', 'approved');
INSERT OR IGNORE INTO people (id, full_name, parent_id, tooltip, image_url, status) VALUES ('Quinn', 'Quinn Salil Pradhan', 'Salil', '7', '', 'approved');
INSERT OR IGNORE INTO people (id, full_name, parent_id, tooltip, image_url, status) VALUES ('Mishka', 'Mishka Pushkar Durve', 'Pushkar', '7', '', 'approved');
INSERT OR IGNORE INTO people (id, full_name, parent_id, tooltip, image_url, status) VALUES ('Saniya', 'Saniya Milind Gupte', 'Milind2', '7', '', 'approved');
INSERT OR IGNORE INTO people (id, full_name, parent_id, tooltip, image_url, status) VALUES ('Anushka2', 'Anushka Rajendra Sindkar', 'Sunita', '7', '', 'approved');
INSERT OR IGNORE INTO people (id, full_name, parent_id, tooltip, image_url, status) VALUES ('Ritish', 'Ritish Sachin Raje', 'Sayali', '7', '', 'approved');
INSERT OR IGNORE INTO people (id, full_name, parent_id, tooltip, image_url, status) VALUES ('Nimish', 'Nimish Sachin Raje', 'Sayali', '7', '', 'approved');
INSERT OR IGNORE INTO people (id, full_name, parent_id, tooltip, image_url, status) VALUES ('Anish', 'Anish Ajit Pradhan', 'Ajit', '7', '', 'approved');
INSERT OR IGNORE INTO people (id, full_name, parent_id, tooltip, image_url, status) VALUES ('Kayansh', 'Kavyansh Ashutosh Pattekar', 'Ashutosh', '7', '', 'approved');
INSERT OR IGNORE INTO people (id, full_name, parent_id, tooltip, image_url, status) VALUES ('Veer', 'Veer Ashay Durve', 'Ashay', '7', '', 'approved');
INSERT OR IGNORE INTO people (id, full_name, parent_id, tooltip, image_url, status) VALUES ('Anwit', 'Anwit Nihar Bhise', 'Pranali', '7', '', 'approved');
INSERT OR IGNORE INTO people (id, full_name, parent_id, tooltip, image_url, status) VALUES ('Nivaan', 'Nivaan Rahul Gadkari', 'Sailee', '8', '', 'approved');

-- Spouses
INSERT OR IGNORE INTO spouses (id, full_name, person_id, image_url) VALUES ('Radha', 'A.Radha <br> B. Radhabai Govind Durve', 'Govind', 'https://lh3.googleusercontent.com/awXPfgABA8fsqNJpfTZTpxfM69c6qdmpSinxmethEV4vsLhSCsDLwJUs1nkzcJ9h6vU=w2400');
INSERT OR IGNORE INTO spouses (id, full_name, person_id, image_url) VALUES ('Gopinath', 'Gopinath Pradhan', 'Shanta', '');
INSERT OR IGNORE INTO spouses (id, full_name, person_id, image_url) VALUES ('Kamala', 'Kamala Anant Durve', 'Anant', 'https://lh6.googleusercontent.com/69F7Myd5ZVkBAEaVQHJuIr8GI0I9gK4d-UGMRqTwTNRoJZJvX0TtKRwN2ZUa8X7Mm1k=w2400');
INSERT OR IGNORE INTO spouses (id, full_name, person_id, image_url) VALUES ('Maina', 'Maina Vaman Durve', 'Vaman', '');
INSERT OR IGNORE INTO spouses (id, full_name, person_id, image_url) VALUES ('Sushila', 'Sushila Padmakar Durve(Sushila Raghunath Tipnis)', 'Padmakar', '');
INSERT OR IGNORE INTO spouses (id, full_name, person_id, image_url) VALUES ('Anant2', 'Anant Pradhan', 'Tara', '');
INSERT OR IGNORE INTO spouses (id, full_name, person_id, image_url) VALUES ('Mangala', 'Mangala Bhaskar Durve(Vimal Vaman Kulkarni)', 'Bhaskar', 'https://lh5.googleusercontent.com/cIdCdDvnjujh1Z3a_CAtmtIVDKwWyofix6T08EO6wGoZ3fyG5q2G6yEj1POwvx7PSXs=w2400');
INSERT OR IGNORE INTO spouses (id, full_name, person_id, image_url) VALUES ('Rohini', 'Rohini Ramakant Durve(Nalini Pradhan)', 'Ramakant', 'https://lh6.googleusercontent.com/zHGycwOP4QjcmHOVd3Dvf-QVqrdwK5gKnAAZHSvY2KdlNg0LPy_1KOvrgV4pKGKDOQg=w2400');
INSERT OR IGNORE INTO spouses (id, full_name, person_id, image_url) VALUES ('Vidyadhar2', 'Vidyadhar Vadhavkar', 'Kumudini', 'https://lh5.googleusercontent.com/g10f_me4f5ZwjPsy21iGrD3c_UKy7pIibPjvABvBKiJ17Xp_tn3KNLS-YXa5A5_dCII=w2400');
INSERT OR IGNORE INTO spouses (id, full_name, person_id, image_url) VALUES ('Bhalchandra', 'Bhalchandra Sadashiv Vaidya', 'Nalini', 'https://lh3.googleusercontent.com/H7cW6B0j_M68TSBsgT4mj5wRzJ60eJ0-XjjjwGSIrR6KFF5uGg5QnMJuE5kFmU7UvkE=w2400');
INSERT OR IGNORE INTO spouses (id, full_name, person_id, image_url) VALUES ('Suhasini', 'Suhasini(Suhasini Moharikar)', 'Keshav', 'https://lh5.googleusercontent.com/My53J2599tVpB-4k6mjhn3cWnyGp6LvgWFsMB-pO3KBymBc4okEOli9Ffods_NXSAs0=w2400');
INSERT OR IGNORE INTO spouses (id, full_name, person_id, image_url) VALUES ('Sharadchandra', 'Sharadchandra Chitnis (Raosaheb)', 'Usha', '');
INSERT OR IGNORE INTO spouses (id, full_name, person_id, image_url) VALUES ('Atulchandra', 'Atulchandra Sadashiv Vaidya', 'Pushpa', 'https://lh3.googleusercontent.com/iHWiRa7vzQ7rekxCjafFg1OcZWmBLq3uPuzA0p4nnkuZF7_ICGmuyGd7qWKsL89rtNg=w2400');
INSERT OR IGNORE INTO spouses (id, full_name, person_id, image_url) VALUES ('Vijayendra', 'Vijayendra Pradhan', 'Surekha', '');
INSERT OR IGNORE INTO spouses (id, full_name, person_id, image_url) VALUES ('Neeta', 'Neeta Ujwal Durve', 'Ujwal', 'https://lh5.googleusercontent.com/Ci__EfFDGo3Ns3CFNUaktQn5sncCk222f-fNKmkPla5vYoMnqdmTihkv4F9qGbE1FBo=w2400');
INSERT OR IGNORE INTO spouses (id, full_name, person_id, image_url) VALUES ('Sudhir', 'Sudhir Kulkarni', 'Vijaya', 'https://lh4.googleusercontent.com/3Kx0sxALtB7PK_KCM9zEjZaMSVESzkNbcZ6OasFsOBl58OASUQw4Pceqr69WQZOnpTc=w2400');
INSERT OR IGNORE INTO spouses (id, full_name, person_id, image_url) VALUES ('Vrunda', 'Vrunda Narendra Durve', 'Narendra', 'https://lh4.googleusercontent.com/gcqkWsidqISDG1kbdW-SPpK8GiCmIBiVF-Ei3ypG_QELNQW5TVhY2hbK-8hjpWngS5s=w2400');
INSERT OR IGNORE INTO spouses (id, full_name, person_id, image_url) VALUES ('Jyoti', 'Jyoti Vikas Durve', 'Vikas', 'https://lh3.googleusercontent.com/35ufQu_Wfw8QGJj9F5X-KZXwcO0cyTcircMQK4G2JrMh74IAcZXim-v4Ku1ui2Gdq6M=w2400');
INSERT OR IGNORE INTO spouses (id, full_name, person_id, image_url) VALUES ('Vidyadhar', 'Vidyadhar Govind Watve', 'Sujal', 'https://lh6.googleusercontent.com/iMGuVRci8w51EvsCgcnC9jG153EGlnBj6uVRnvEF8lPdgMunigjU0wQ6RNQiTCdFZK0=w2400');
INSERT OR IGNORE INTO spouses (id, full_name, person_id, image_url) VALUES ('Anjali', 'Anjali Sanjiv Durve(Anjali Anand Vaidya)', 'Sanjiv', 'https://lh3.googleusercontent.com/g65k5DJtlZ5LFzrfkX44hj1D4tDQu3OKcSu3S9BF0IK9AudCbHcGqsHk0Ghhcg530cI=w2400');
INSERT OR IGNORE INTO spouses (id, full_name, person_id, image_url) VALUES ('Ratnakar', 'Ratnakar Gupte', 'Sudha', '');
INSERT OR IGNORE INTO spouses (id, full_name, person_id, image_url) VALUES ('Shashikant', 'Shashikant Pradhan', 'Manda', '');
INSERT OR IGNORE INTO spouses (id, full_name, person_id, image_url) VALUES ('Sharad', 'Sharad Chiman Pattekar', 'Kunda', '');
INSERT OR IGNORE INTO spouses (id, full_name, person_id, image_url) VALUES ('Vandana', 'Vandana Diwakar Durve', 'Diwakar', '');
INSERT OR IGNORE INTO spouses (id, full_name, person_id, image_url) VALUES ('Prakash', 'Prakash Karnik', 'Nanda', 'https://lh5.googleusercontent.com/IiR01JebM8ePwMioSgXhcE-ImHq2dWKyABhY_gcSC98wEk38Uz6hXHf7-fND3vQlHfo=w2400');
INSERT OR IGNORE INTO spouses (id, full_name, person_id, image_url) VALUES ('Neeta2', 'Neeta Suneel Durve', 'Suneel', '');
INSERT OR IGNORE INTO spouses (id, full_name, person_id, image_url) VALUES ('Rajendra', 'Rajendra Pradhan', 'Rashmi', 'https://lh3.googleusercontent.com/9_H1pqB7sJGpQ80MnVeuJF53kfeJKe9uxeVsQecMAUBV7O07EGy15nWkORq1UyvNPGg=w2400');
INSERT OR IGNORE INTO spouses (id, full_name, person_id, image_url) VALUES ('Radhika', 'Radhika Milind Durve', 'Milind', 'https://lh5.googleusercontent.com/oTTxfqK5rKpwTz3ENbzCR2lbg21MXzKPaHllgRHp_aT4ZwLwElK2_vi4G-IrB0krx44=w2400');
INSERT OR IGNORE INTO spouses (id, full_name, person_id, image_url) VALUES ('Kanchan', 'Kanchan Sharadchandra Chitnis', 'Ruta', 'https://lh6.googleusercontent.com/wS6kk5KvNMIYyk8Gk64vuhOQfwzwQKz60CYJjrssRTXbluR_lQvZo6DD_sILKxcv7dQ=w2400');
INSERT OR IGNORE INTO spouses (id, full_name, person_id, image_url) VALUES ('Geetanjali', 'Geetanjali Abhijit Vaidya', 'Abhijit', 'https://lh6.googleusercontent.com/PVS5pRq605q2RZy4dbqiWKYJKgqMjDn_y2siLJ8kbaW7rARc-8vSLktzgR_NltgDiU8=w2400');
INSERT OR IGNORE INTO spouses (id, full_name, person_id, image_url) VALUES ('Pratap', 'Pratap raval', 'Prachi', 'https://lh6.googleusercontent.com/AVy7lAl4c_lJ2lqy1JiX8_VLhC6_iKJas049Lnfk1W_xNvvB6zpByKS6ZqwiVvgYUR0=w2400');
INSERT OR IGNORE INTO spouses (id, full_name, person_id, image_url) VALUES ('Varsha', 'Varsha Ninad Durve', 'Ninad', 'https://lh5.googleusercontent.com/xMUxxQ4M7TkCr4rIMxPOD3xluROVzxIBuxLTbGgdlaljYnCiEzWCFWvMk1xmEg7D4Sc=w2400');
INSERT OR IGNORE INTO spouses (id, full_name, person_id, image_url) VALUES ('Sachin', 'Sachin Deshpande', 'Vrushali', '');
INSERT OR IGNORE INTO spouses (id, full_name, person_id, image_url) VALUES ('Chandrashekhar2', 'Chandrashekhar Patankar', 'Swati', 'https://lh6.googleusercontent.com/xy7iZE1Fx5gkTMvxDvGV0She3i-Zx8zVeen7CboC9ypO0HnugvHjNygLErDKiu0SPrY=w2400');
INSERT OR IGNORE INTO spouses (id, full_name, person_id, image_url) VALUES ('Sachin2', 'Sachin Gupte', 'Manisha', '');
INSERT OR IGNORE INTO spouses (id, full_name, person_id, image_url) VALUES ('Ruta', 'Ruta Kanchan Chitnis', 'Kanchan', 'https://lh3.googleusercontent.com/h8-M28b7ZecHWRRMbMBNBIx6DnRUxm_14LUI5KjbIQg86svsZAwI1rYEraQlXRNt9wU=w2400');
INSERT OR IGNORE INTO spouses (id, full_name, person_id, image_url) VALUES ('Rajeev', 'Rajeev Arjun Saawant', 'Vidula', '');
INSERT OR IGNORE INTO spouses (id, full_name, person_id, image_url) VALUES ('Vaishali', 'Vaishali Vikrant Vaidya', 'Vikrant', '');
INSERT OR IGNORE INTO spouses (id, full_name, person_id, image_url) VALUES ('Susan', 'Susan Salil Pradhan', 'Salil', '');
INSERT OR IGNORE INTO spouses (id, full_name, person_id, image_url) VALUES ('Aparna2', 'Aparna Pushkar Durve', 'Pushkar', 'https://lh3.googleusercontent.com/_sitcZvUG0m2TEbwqaVT2YJ0krvOrimtP4a5QRopqdYQKCxs5WzeHK6b-wF0vxhGTwE=w2400');
INSERT OR IGNORE INTO spouses (id, full_name, person_id, image_url) VALUES ('Anushka', 'Anushka Adwait Kulkarni', 'Adwait', 'https://lh6.googleusercontent.com/bFBQj1jIvkkWSS2XmxCXkJ1oswyRC5GizER0gtUp3UEtx6nAm6errW3xrPFGpqUlLrM=w2400');
INSERT OR IGNORE INTO spouses (id, full_name, person_id, image_url) VALUES ('Kaustubh', 'Kaustubh Abhay Tilak', 'Prajakta', '');
INSERT OR IGNORE INTO spouses (id, full_name, person_id, image_url) VALUES ('Anand', 'Anand Manohar Saykhedkar', 'Juilee', '');
INSERT OR IGNORE INTO spouses (id, full_name, person_id, image_url) VALUES ('Swanand', 'Swanand Suresh Tappe', 'Shruti', '');
INSERT OR IGNORE INTO spouses (id, full_name, person_id, image_url) VALUES ('Sampada', 'Sampada Sujay Durve', 'Sujay', '');
INSERT OR IGNORE INTO spouses (id, full_name, person_id, image_url) VALUES ('Gauri', 'Gauri Rutjit Durve', 'Rutjit', '');
INSERT OR IGNORE INTO spouses (id, full_name, person_id, image_url) VALUES ('Riya', 'Riya Ashay Durve', 'Ashay', '');
INSERT OR IGNORE INTO spouses (id, full_name, person_id, image_url) VALUES ('Rajendra2', 'Rajendra Sindkar', 'Sunita', '');
INSERT OR IGNORE INTO spouses (id, full_name, person_id, image_url) VALUES ('Vandana2', 'Vandana Milind Gupte', 'Milind2', '');
INSERT OR IGNORE INTO spouses (id, full_name, person_id, image_url) VALUES ('Sachin3', 'Sachin Raje', 'Sayali', '');
INSERT OR IGNORE INTO spouses (id, full_name, person_id, image_url) VALUES ('Ashwini', 'Ashwini Ajit Pradhan', 'Ajit', '');
INSERT OR IGNORE INTO spouses (id, full_name, person_id, image_url) VALUES ('Dolly', 'Dolly Ashutosh Pattekar', 'Ashutosh', '');
INSERT OR IGNORE INTO spouses (id, full_name, person_id, image_url) VALUES ('Nihar', 'Nihar Bhise', 'Pranali', '');
INSERT OR IGNORE INTO spouses (id, full_name, person_id, image_url) VALUES ('Mihir2', 'Mihir Tungare', 'Chinmayi', '');
INSERT OR IGNORE INTO spouses (id, full_name, person_id, image_url) VALUES ('Kalyani', 'Kalyani Mihir Durve', 'Mihir', '');
INSERT OR IGNORE INTO spouses (id, full_name, person_id, image_url) VALUES ('Sanjay', 'Sanjay Thakur', 'Aparna', 'https://lh3.googleusercontent.com/yxS2nh4DT-3ZyxE_B5cROmbaFDKh4Aaib6idA-28CJAUTUl15bH_pdepZL2AjwRG4t8=w2400');
INSERT OR IGNORE INTO spouses (id, full_name, person_id, image_url) VALUES ('Annu', 'Annu Nakul Durve (Annu Suresh Manik)', 'Nakul', 'https://lh5.googleusercontent.com/geDJ7KQRVr3-Yb2pUgRx2tgaffeaSm9eXnpCzkazQVw-KgOlPDi8UzJf98v2ZMtyPK8=w2400');
INSERT OR IGNORE INTO spouses (id, full_name, person_id, image_url) VALUES ('Amod', 'Amod Khale', 'Jai', '');
INSERT OR IGNORE INTO spouses (id, full_name, person_id, image_url) VALUES ('Avanti', 'Avanti Kailash Pradhan', 'Kailash', '');
INSERT OR IGNORE INTO spouses (id, full_name, person_id, image_url) VALUES ('Ashlesha', 'Ashlesha Jaydeep Durve', 'Jaydeep', 'https://lh5.googleusercontent.com/lAvIpY0feBCaOvjIjONQrIUfmAZWoCgpSGsZaW5VCJG2PpWlU-4GeD7bvlp0LZLPrck=w2400');
INSERT OR IGNORE INTO spouses (id, full_name, person_id, image_url) VALUES ('Renuka', 'Renuka Sohil Vaidya', 'Sohil', 'https://lh3.googleusercontent.com/1vyAG_0MfdaOWRws918WjYmavq_o6R9XBwdrnmv0Galr98mw4dGSSAomoC8to0v0D3M=w2400');
INSERT OR IGNORE INTO spouses (id, full_name, person_id, image_url) VALUES ('Amey', 'Amey Kataria', 'Saleena', 'https://lh4.googleusercontent.com/J0agiE5dHnjO2Z3jxKKkWuixUq7YAMtXpYbxo1ffjP7aH_lyuZu5T9rbKhAIUPG-Tso=w2400');
INSERT OR IGNORE INTO spouses (id, full_name, person_id, image_url) VALUES ('Shalaka', 'Shalaka Paranjay Deshpande', 'Paranjay', '');
INSERT OR IGNORE INTO spouses (id, full_name, person_id, image_url) VALUES ('Rahul', 'Rahul Gadkari', 'Sailee', '');
INSERT OR IGNORE INTO spouses (id, full_name, person_id, image_url) VALUES ('Kaushal', 'Kaushal Aniket Saawant', 'Aniket', '');
INSERT OR IGNORE INTO spouses (id, full_name, person_id, image_url) VALUES ('Hima', 'Hima Akash Saawant', 'Akash', '');

-- Links
INSERT INTO links (person_id, url, description, display_html) VALUES ('Bhaskar', 'https://mr.wikipedia.org/wiki/%E0%A4%AD%E0%A4%BE%E0%A4%B8%E0%A5%8D%E0%A4%95%E0%A4%B0%E0%A4%B0%E0%A4%BE%E0%A4%B5_%E0%A4%A6%E0%A5%81%E0%A4%B0%E0%A5%8D%E0%A4%B5%E0%A5%87', 'wiki', 'wiki');
INSERT INTO links (person_id, url, description, display_html) VALUES ('Bhaskar', 'https://drive.google.com/file/d/14WLWW9JhhwiLrifUw549d-YNgnoxJOBZ/view?usp=share_link', '<img src="https://lh6.googleusercontent.com/dbLenSJLpL1qJO9fZEQZenlTIt3PnjXwNyVEwp8rnIg0CUxNEmYDNmQ8dhoTdAdfUew=w2400" alt="Nayak.jpg" width="40" height="40">', '<img src="https://lh6.googleusercontent.com/dbLenSJLpL1qJO9fZEQZenlTIt3PnjXwNyVEwp8rnIg0CUxNEmYDNmQ8dhoTdAdfUew=w2400" alt="Nayak.jpg" width="40" height="40">');
INSERT INTO links (person_id, url, description, display_html) VALUES ('Bhalchandra', 'https://en.wikipedia.org/wiki/Bhai_Vaidya', 'wiki', 'wiki');
INSERT INTO links (person_id, url, description, display_html) VALUES ('Sohil', 'https://en.wikipedia.org/wiki/Sohil_Vaidya', 'wiki', 'wiki');
INSERT INTO links (person_id, url, description, display_html) VALUES ('Sohil', 'https://www.instagram.com/sohilvaidya/?hl=en', 'instagram', 'instagram');
INSERT INTO links (person_id, url, description, display_html) VALUES ('Sohil', 'https://indianexpress.com/article/cities/pune/pune-residents-student-film-about-graffiti-artists-wins-top-honour-at-dga-awards-5503299/', 'Indian Express 21/12/2018', 'Indian Express 21/12/2018');
INSERT INTO links (person_id, url, description, display_html) VALUES ('Sohil', 'https://vimeo.com/205442395', 'Geeta Film by Sohil', 'Geeta Film by Sohil');
INSERT INTO links (person_id, url, description, display_html) VALUES ('Aparna', 'https://mitwpu.edu.in/campuslife/dr-aparna-watve', 'MITWPU', 'MITWPU');
INSERT INTO links (person_id, url, description, display_html) VALUES ('Aparna', 'https://scholar.google.com/citations?user=klf2_rsAAAAJ&hl=en', 'Google Scholar', 'Google Scholar');
INSERT INTO links (person_id, url, description, display_html) VALUES ('Aparna', 'https://www.researchgate.net/profile/Aparna-Watve', 'Researchgate', 'Researchgate');
INSERT INTO links (person_id, url, description, display_html) VALUES ('Aparna', 'https://era-india.org/community/aparna-vidyadhar-watve/', 'Ecological Reasearch Alliance', 'Ecological Reasearch Alliance');
INSERT INTO links (person_id, url, description, display_html) VALUES ('Sushama', 'https://www.flickr.com/photos/sushamadurve/', 'Pictures drawn', 'Pictures drawn');
INSERT INTO links (person_id, url, description, display_html) VALUES ('Sushama', 'https://www.funkyrainbow.com/03-illustrator/sushama-durve/', 'Pictures drawn', 'Pictures drawn');
INSERT INTO links (person_id, url, description, display_html) VALUES ('Sujal', 'https://jpip.org/sujala-watve/', 'JPIP', 'JPIP');
INSERT INTO links (person_id, url, description, display_html) VALUES ('Sujal', 'https://www.instagram.com/sujalawatve/?hl=en', 'instagram', 'instagram');
INSERT INTO links (person_id, url, description, display_html) VALUES ('Vidyadhar', 'https://www.justdial.com/Pune/Dr-Vidyadhar-G-Watve-Poona-Hospital-Research-Centre-Near-Alka-Cinema-Sadashiv-Peth/020PXX20-XX20-160108115046-O6Q1_BZDET', 'PHRC', 'PHRC');
INSERT INTO links (person_id, url, description, display_html) VALUES ('Vidyadhar', 'https://www.linkedin.com/in/vidyadhar-watve-453117a5/?originalSubdomain=in', 'linkedin', 'linkedin');
INSERT INTO links (person_id, url, description, display_html) VALUES ('Pushkar', 'https://intotomorrow.com/tag/pushkar-durve/', 'Infotomorrow with Dave Graveline', 'Infotomorrow with Dave Graveline');

-- Galleries
INSERT INTO galleries (description, gdrive_link, display_order) VALUES ('Kaka Kaki', 'https://drive.google.com/drive/folders/1m_eJDhEeat2RXpkKKWH_tJP35X0PZ5uq?usp=share_link', 0);
INSERT INTO galleries (description, gdrive_link, display_order) VALUES ('Five Generations Together', 'https://drive.google.com/drive/folders/1TkmzdMZbUgkCAD-ojC5E70Wr7C3SnMRi?usp=share_link', 1);
INSERT INTO galleries (description, gdrive_link, display_order) VALUES ('Four Generations Together', 'https://drive.google.com/drive/folders/1WTPH4-yrz1Iffx9RvDe9SMimo9o-fXyy?usp=share_link', 2);
INSERT INTO galleries (description, gdrive_link, display_order) VALUES ('Aparna_photos', 'https://drive.google.com/drive/folders/1pUwKY-8GjyDI6KtCnruqYx4iv_B3PJ5G?usp=share_link', 3);
INSERT INTO galleries (description, gdrive_link, display_order) VALUES ('Teen Atya', 'https://drive.google.com/drive/folders/10XHx86Y5WhHlHLbgQ-qFEIFW8kkgj2gE?usp=share_link', 4);
INSERT INTO galleries (description, gdrive_link, display_order) VALUES ('Get_togethers', 'https://drive.google.com/drive/folders/1W1UJ9NhoyDXcFAHPu-tIJWuGA-7itNCm?usp=share_link', 5);
INSERT INTO galleries (description, gdrive_link, display_order) VALUES ('Nana_photos', 'https://drive.google.com/drive/folders/1EUgWYZBqh85Jqr7xRXgyrpk20LNiiMo5?usp=share_link', 6);
INSERT INTO galleries (description, gdrive_link, display_order) VALUES ('Pravara_Darshan', 'https://drive.google.com/drive/folders/1bTbzZ8Y2jo1PTWS74GmQJamp1rXKDune?usp=share_link', 7);
INSERT INTO galleries (description, gdrive_link, display_order) VALUES ('Sane Guruji''s Letter to Nana 17 Dec 1945', 'https://drive.google.com/drive/folders/1JiReeO2JVDRtQIB2Ce3108gXzoFneeB4?usp=share_link', 8);
INSERT INTO galleries (description, gdrive_link, display_order) VALUES ('Sangamner_House_in_2013', 'https://drive.google.com/drive/folders/12Y5VRaJff_X3a5Az8ICOQsGVFe9LxETh?usp=share_link', 9);
INSERT INTO galleries (description, gdrive_link, display_order) VALUES ('Sohil_photos', 'https://drive.google.com/drive/folders/1z_U6Y3ySNkEHGEOps-bw4RkQqR9pbMBb?usp=share_link', 10);
INSERT INTO galleries (description, gdrive_link, display_order) VALUES ('Sujal_photos', 'https://drive.google.com/drive/folders/1RgtLqdMaHpTzcyhS1d9GqdQgwa5AQ0OT?usp=share_link', 11);
INSERT INTO galleries (description, gdrive_link, display_order) VALUES ('Paintings by Sushama', 'https://drive.google.com/drive/folders/1Q6DOSGFJ9f0owkH4ikTfdY0QEQeIHFhv?usp=share_link', 12);
INSERT INTO galleries (description, gdrive_link, display_order) VALUES ('Whatsapp Fights', 'https://drive.google.com/drive/folders/161yQqt10UrSRk1AOiU-mXM4M3yffxycO?usp=share_link', 13);
INSERT INTO galleries (description, gdrive_link, display_order) VALUES ('Paintings by Annu', 'https://drive.google.com/drive/folders/1coU7gI6gazZaztf4bxQXJ-KEsc-8dGz4?usp=share_link', 14);
INSERT INTO galleries (description, gdrive_link, display_order) VALUES ('Family Tree Spreadsheet by Sujal', 'https://drive.google.com/drive/folders/1MR4hhR-C89XkRmjGacCSAfJZOqtH3te0?usp=share_link', 15);
INSERT INTO galleries (description, gdrive_link, display_order) VALUES ('Guess Who', 'https://drive.google.com/drive/folders/1vtpE-QezbdR7mIqacPSfeiIvyIoQR8aW?usp=share_link', 16);
